{
    "root_group": {
        "name": "",
        "path": "",
        "id": "d41d8cd98f00b204e9800998ecf8427e",
        "groups": {},
        "checks": {}
    },
    "metrics": {
        "http_req_waiting": {
            "max": 6.6481,
            "p(90)": 4.2287300000000005,
            "p(95)": 4.47006,
            "avg": 3.170218885191349,
            "min": 0.8044,
            "med": 3.1393
        },
        "http_req_duration": {
            "min": 0.8044,
            "med": 3.2268999999999997,
            "max": 6.6481,
            "p(90)": 4.33175,
            "p(95)": 4.52988,
            "avg": 3.261705823627289
        },
        "http_req_sending": {
            "max": 0.7886,
            "p(90)": 0,
            "p(95)": 0,
            "avg": 0.011319966722129782,
            "min": 0,
            "med": 0
        },
        "data_received": {
            "count": 401084,
            "rate": 3085.189354523533
        },
        "iteration_duration": {
            "p(90)": 4.46758,
            "p(95)": 4.703815,
            "avg": 3.373979450915143,
            "min": 0.8044,
            "med": 3.3080499999999997,
            "max": 15.7033
        },
        "http_req_connecting": {
            "med": 0,
            "max": 1.4889,
            "p(90)": 0,
            "p(95)": 0,
            "avg": 0.028976039933444265,
            "min": 0
        },
        "data_sent": {
            "count": 230784,
            "rate": 1775.2200037756656
        },
        "http_req_failed": {
            "passes": 1202,
            "fails": 0,
            "value": 1
        },
        "http_req_blocked": {
            "p(90)": 0,
            "p(95)": 0,
            "avg": 0.03993768718801997,
            "min": 0,
            "med": 0,
            "max": 8.9442
        },
        "http_req_tls_handshaking": {
            "p(95)": 0,
            "avg": 0,
            "min": 0,
            "med": 0,
            "max": 0,
            "p(90)": 0
        },
        "vus_max": {
            "min": 40,
            "max": 40,
            "value": 40
        },
        "http_reqs": {
            "count": 1202,
            "rate": 9.245937519664926
        },
        "http_req_receiving": {
            "p(95)": 0.5361,
            "avg": 0.08016697171381029,
            "min": 0,
            "med": 0,
            "max": 1.0185,
            "p(90)": 0.5219900000000001
        },
        "vus": {
            "value": 0,
            "min": 0,
            "max": 0
        },
        "iterations": {
            "count": 1202,
            "rate": 9.245937519664926
        },
        "rate_limited": {
            "count": 122,
            "rate": 0.9384395818628294
        }
    }
}